ipeds_id,academic_year,data_source,tuition_in_state,required_fees_in_state,tuition_out_state,required_fees_out_state,room_board_on_campus
100654,2024-2025,institution_website,10566,1414,19176,1414,11402
100663,2023-2024,institution_website,11640,0,28980,0,14580
100706,2025-2026,institution_website,12132,1758,26408,1758,11122
100751,2024-2025,institution_website,12180,800,34172,800,14564
100830,2025-2026,institution_website,6659,868,18011,868,12762
100858,2025-2026,institution_website,6659,1832,18011,1832,14736
101480,2024-2025,institution_website,12426,2136,20580,2136,10728
101587,2025-2026,institution_website,9216,1890,15570,1890,7200
101879,2024-2025,institution_website,12240,1790,20400,1790,7900
102049,2025-2026,institution_website,40760,1000,40760,1000,20139
102094,2025-2026,institution_website,13460,700,27410,700,11062
102368,2024-2025,institution_website,10176,0,19584,0,10860
102553,2024-2025,MANUAL,6500,1374,22000,1917,15648
102580,2024-2025,MANUAL,9000,730,9000,730,12320
102614,2024-2025,MANUAL,11445,1975,19945,2615,12750
102632,2025-2026,MANUAL,6372,1596,20844,2240,15200
102669,2024-2025,MANUAL,58348,410,58348,410,18200
102845,2024-2025,MANUAL,46935,0,46935,0,18168
104151,2024-2025,institution_website,10890,743,10890,743,13932
104179,2023-2024,institution_website,13600,1731,28900,1731,12000
104586,2024-2025,institution_website,33000,1524,33000,1524,14102
104717,2024-2025,institution_website,16500,873,16500,873,11162
105330,2024-2025,institution_website,13440,1223,30912,1223,17248
105589,2024-2025,institution_website,35685,1665,35685,1665,6850
105899,2025-2026,institution_website,32898,2200,32898,2200,14300
106245,2025-2026,institution_website,10185,3017,22870,3017,12722
106397,2024-2025,institution_website,10496,2082,31550,2082,13290
106412,2024-2025,institution_website,9019,2959,17029,2959,5280
106458,2024-2025,institution_website,10430,578,18740,578,10935
106467,2025-2026,institution_website,6174,2513,12349,2513,15743
106704,2024-2025,institution_website,10523,2978,18023,2978,9349
107044,2024-2025,institution_website,26490,648,26490,648,8924
107071,2025-2026,institution_website,8250,1644,11310,1644,8562
107141,2024-2025,institution_website,32710,1344,32710,1344,2500
107585,2024-2025,institution_website,3150,1056,3150,1056,7792
107983,2023-2024,institution_website,10200,2620,16080,2620,7601
108092,2024-2025,institution_website,9826,2394,15226,2394,12190
110565,2024-2025,https://www.fullerton.edu/financialaid/understanding-aid/cost-of-attendance/,7470,1331,20070,1331,18464
110583,2025-2026,https://www.csulb.edu/financial-aid-and-scholarships/undergraduate-costs-0,8312,1266,19856,1266,17166
110608,2025-2026,https://www.csun.edu/financialaid/financial-aid-basics/cost-attendance/2025-2026-fall-and-spring-cost-attendance,7850,1353,19560,1353,20306
110617,2025-2026,https://www.calstate.edu/apply/paying-for-college/Documents/cost-of-attendance.pdf,6450,1860,6512,1860,21042
110635,2022-2023,IPEDS,11834,3016,42611,3016,17614
110644,2022-2023,IPEDS,11834,3413,42611,3413,13076
110653,2022-2023,IPEDS,11834,2403,42611,2403,16216
110662,2022-2023,IPEDS,11834,1913,42611,1913,17436
110680,2022-2023,IPEDS,11834,3431,42611,3431,15566
122409,2025-2026,https://admissions.sdsu.edu/first-years,6976,2548,18290,2548,17110
122755,2025-2026,https://www.calstate.edu/apply/paying-for-college/Documents/cost-of-attendance.pdf,6450,2250,17622,2250,19431
123961,2022-2023,IPEDS,66640,1597,66640,1597,19198
126562,2022-2023,IPEDS,9096,921,27288,921,14679
126580,2022-2023,IPEDS,8738,1700,22255,1700,13500
126614,2022-2023,IPEDS,13910,1646,40297,1646,15470
126775,2022-2023,IPEDS,18390,2796,41580,2796,14679
126818,2022-2023,IPEDS,10299,2710,31055,2710,14679
127060,2022-2023,IPEDS,58032,1308,58032,1308,17049
127556,2022-2023,IPEDS,8592,1120,23192,1120,10341
127565,2022-2023,IPEDS,8868,1912,27591,1912,14679
127741,2022-2023,IPEDS,8784,2744,23196,2744,14678
127918,2022-2023,IPEDS,41990,1990,41990,1990,14678
128106,2022-2023,IPEDS,6870,2531,14711,2531,14680
128744,2022-2023,IPEDS,32860,2900,32860,2900,8776
128771,2022-2023,IPEDS,6664,5796,19940,5796,12710
129020,2022-2023,IPEDS,16332,4034,39000,4034,14764
129215,2022-2023,IPEDS,6664,6628,9996,6628,10283
129242,2022-2023,IPEDS,55510,850,55510,850,17500
129525,2022-2023,IPEDS,44350,3297,44350,3297,12301
129941,2022-2023,IPEDS,44100,1630,44100,1630,14327
130226,2022-2023,IPEDS,50400,2690,50400,2690,15260
130253,2022-2023,IPEDS,48160,300,48160,300,14030
130493,2022-2023,IPEDS,6664,6164,19940,6164,9282
130776,2022-2023,IPEDS,6664,6099,9996,6099,9282
130794,2022-2023,IPEDS,64700,0,64700,0,.
130837,2022-2023,IPEDS,6400,2200,6400,2200,.
130907,2022-2023,IPEDS,4575,390,11438,390,16860
130934,2022-2023,IPEDS,8544,1770,18480,1770,13634
130943,2022-2023,IPEDS,14040,2040,37680,2040,14838
130989,2022-2023,IPEDS,13440,0,13440,0,4201
131113,2022-2023,IPEDS,12270,60,12270,60,6000
131159,2022-2023,IPEDS,55724,819,55724,819,14712
131283,2022-2023,IPEDS,54630,1204,54630,1204,17370
131399,2022-2023,IPEDS,5292,860,12144,860,14078
131450,2022-2023,IPEDS,18292,1366,18292,1366,17016
131469,2022-2023,IPEDS,64508,290,64508,290,16300
131496,2022-2023,IPEDS,64896,185,64896,185,.
131520,2022-2023,IPEDS,32878,466,32878,466,22216
131830,2022-2023,IPEDS,11200,0,11200,0,17194
131876,2022-2023,IPEDS,25860,250,25860,250,12730
132903,2022-2023,IPEDS,4478,1890,19810,2657,12070
133669,2022-2023,IPEDS,2522,2357,14374,2950,14840
133951,2022-2023,IPEDS,4721,1844,16529,2435,12500
134097,2022-2023,IPEDS,4640,1877,19084,2599,12660
134130,2022-2023,IPEDS,4477,1904,25694,2965,11500
135081,2022-2023,IPEDS,22936,1200,22936,1200,12304
135726,2022-2023,IPEDS,58104,1822,58104,1822,22446
136172,2022-2023,IPEDS,3996,1968,16799,2608,13009
136215,2022-2023,IPEDS,35880,1200,35880,1200,18018
137351,2022-2023,IPEDS,4559,1851,15473,1851,12170
138354,2022-2023,IPEDS,3735,2041,16004,2654,14082
139658,2022-2023,IPEDS,59920,854,59920,854,18972
139755,2022-2023,IPEDS,10258,1506,31370,1506,12760
139931,2022-2023,IPEDS,4371,1534,15425,1534,9814
139940,2022-2023,IPEDS,7158,1320,22389,1320,14871
139959,2022-2023,IPEDS,9790,1390,28830,1390,9898
140951,2022-2023,IPEDS,40095,500,40095,500,13617
141264,2022-2023,IPEDS,4371,1636,15426,1636,10946
141334,2022-2023,IPEDS,4371,1600,15424,1600,9104
141486,2022-2023,IPEDS,29856,114,29856,114,14740
141565,2022-2023,IPEDS,7344,494,20304,494,14524
141574,2022-2023,IPEDS,11304,882,33336,882,17357
141644,2022-2023,IPEDS,35580,500,35580,500,12570
141680,2022-2023,IPEDS,3144,30,8280,30,17357
141796,2022-2023,IPEDS,3144,140,8280,140,16261
141811,2022-2023,IPEDS,3144,70,8280,70,17358
141839,2022-2023,IPEDS,3144,140,8280,140,18020
141981,2022-2023,IPEDS,7344,240,20304,240,17358
141990,2022-2023,IPEDS,3144,50,8280,50,17357
142090,2022-2023,IPEDS,10400,840,10400,840,9867
142115,2022-2023,IPEDS,5941,2841,24135,2841,13080
142276,2022-2023,IPEDS,5992,2364,25102,2364,8370
142285,2022-2023,IPEDS,6540,2276,27508,2276,10380
142294,2022-2023,IPEDS,35180,850,35180,850,7500
142328,2022-2023,IPEDS,7388,0,21386,0,10226
142443,2022-2023,IPEDS,4000,960,7776,960,16785
142461,2022-2023,IPEDS,40095,800,40095,800,11862
142522,2022-2023,IPEDS,4656,0,4656,0,5068
142559,2022-2023,IPEDS,4560,0,6840,0,5022
144050,2022-2023,IPEDS,63801,1818,63801,1818,.
144740,2022-2023,IPEDS,43379,795,43379,795,18468
145600,2022-2023,IPEDS,12656,3160,28345,3160,14400
145637,2022-2023,IPEDS,14768,3292,35900,3292,.
145813,2022-2023,IPEDS,11000,3121,20358,3121,12048
146719,2022-2023,IPEDS,50270,1446,50270,1446,15556
147703,2022-2023,IPEDS,9792,2714,9792,2714,12800
147767,2022-2023,IPEDS,64887,1110,64887,1110,20334
149222,2022-2023,IPEDS,9638,3606,9638,3606,12668
149231,2022-2023,IPEDS,8846,3179,8846,3179,10562
150136,2022-2023,IPEDS,8688,2070,26696,2070,12064
150163,2022-2023,IPEDS,44990,990,44990,990,15870
151102,2022-2023,IPEDS,8049,1205,21015,1205,10332
151111,2022-2023,IPEDS,9241,1208,32509,1208,13010
151263,2022-2023,IPEDS,34416,1720,34416,1720,11390
151306,2022-2023,IPEDS,8751,870,21188,870,11976
151324,2022-2023,IPEDS,9712,280,21454,280,11483
151351,2022-2023,IPEDS,10312,1478,39004,1478,13380
152080,2022-2023,IPEDS,62186,507,62186,507,17378
153001,2022-2023,IPEDS,40190,0,40190,0,8913
153250,2022-2023,IPEDS,35360,600,35360,600,11500
153269,2022-2023,IPEDS,49466,478,49466,478,9360
153278,2022-2023,IPEDS,38260,1805,38260,1805,11470
153375,2022-2023,IPEDS,32800,650,32800,650,12790
153603,2022-2023,IPEDS,8982,1515,26168,1515,9726
153658,2022-2023,IPEDS,9016,1948,30979,1948,12616
153861,2022-2023,IPEDS,16000,530,16000,530,8000
154004,2022-2023,IPEDS,36680,1510,36680,1510,12338
154095,2022-2023,IPEDS,8396,1332,19940,1332,9648
154235,2022-2023,IPEDS,35318,280,35318,280,11592
154493,2022-2023,IPEDS,18000,1000,18000,1000,9770
154688,2022-2023,IPEDS,33200,600,33200,600,9720
154712,2022-2023,IPEDS,34000,800,34000,800,10000
155025,2022-2023,IPEDS,5542,1814,13855,1814,10542
155061,2022-2023,IPEDS,4437,1196,15615,1196,8772
155089,2022-2023,IPEDS,32108,640,32108,640,11344
155317,2022-2023,IPEDS,10596,1104,28308,1104,10936
155335,2022-2023,IPEDS,35500,0,35500,0,11846
155399,2022-2023,IPEDS,9964,978,26838,978,9392
155520,2022-2023,IPEDS,35120,1000,35120,1000,13324
155681,2022-2023,IPEDS,6128,2028,17472,2028,9984
155812,2022-2023,IPEDS,32750,1140,32750,1140,11384
156125,2022-2023,IPEDS,7247,2075,17165,2075,12750
156286,2022-2023,IPEDS,45190,1590,45190,1590,10250
156365,2022-2023,IPEDS,26490,500,26490,500,8150
156541,2022-2023,IPEDS,9875,0,9875,0,12285
156620,2022-2023,IPEDS,9830,300,20520,300,11735
157085,2022-2023,IPEDS,11849,1363,32043,1363,15242
157289,2022-2023,IPEDS,12632,196,28978,196,11124
157386,2022-2023,IPEDS,9518,320,14386,320,11920
157401,2022-2023,IPEDS,8436,1272,18180,1272,12534
157447,2022-2023,IPEDS,10512,384,21096,384,11660
157748,2022-2023,IPEDS,12336,750,12336,750,2460
157809,2022-2023,IPEDS,37650,0,37650,0,7650
157951,2022-2023,IPEDS,11436,0,27000,0,12043
159391,2022-2023,IPEDS,8038,3916,8038,20593,16222
159416,2022-2023,IPEDS,5656,1671,5656,14825,11337
159647,2022-2023,IPEDS,6401,3724,13142,3724,10023
159717,2022-2023,IPEDS,5147,3313,6647,3313,11337
159939,2022-2023,IPEDS,6090,3082,10926,3082,11515
159966,2022-2023,IPEDS,4922,3251,6015,3251,11338
159993,2022-2023,IPEDS,5788,3402,17888,3402,11337
160038,2022-2023,IPEDS,5180,3684,15968,3684,11337
160612,2022-2023,IPEDS,5777,2596,18255,2596,11812
160621,2022-2023,IPEDS,4973,4869,4973,12219,10468
160658,2022-2023,IPEDS,5407,5011,19135,5011,13959
160755,2022-2023,IPEDS,61306,4232,61306,4232,18088
160977,2022-2023,IPEDS,63478,0,63478,0,.
161004,2022-2023,IPEDS,64304,606,64304,606,.
161086,2022-2023,IPEDS,63790,2810,63790,2810,6100
161226,2022-2023,IPEDS,8910,2079,21000,2079,10970
161253,2022-2023,IPEDS,12000,606,34740,606,12696
161341,2022-2023,IPEDS,7650,1430,12840,1430,6100
161457,2022-2023,IPEDS,41050,1500,41050,1500,13500
161518,2022-2023,IPEDS,42834,0,42834,0,7200
161554,2022-2023,IPEDS,8316,2604,24500,2604,11650
161563,2022-2023,IPEDS,29824,1072,29824,1072,9000
161572,2022-2023,IPEDS,11280,1360,11280,1360,8760
161873,2022-2023,IPEDS,7442,2330,21160,2330,19350
162007,2022-2023,IPEDS,5993,3006,16833,3006,16611
162584,2022-2023,IPEDS,7110,2888,22292,2888,12502
162928,2022-2023,IPEDS,62840,0,62840,0,14498
163046,2022-2023,IPEDS,55480,0,55480,0,9980
163268,2022-2023,IPEDS,9238,3714,26594,3714,15906
163286,2022-2023,IPEDS,9889,1616,38690,1616,15902
163453,2022-2023,IPEDS,5587,2531,18800,2531,14655
163851,2022-2023,IPEDS,7706,2932,18400,2932,13416
164076,2022-2023,IPEDS,7382,3924,24402,3924,15644
164155,2022-2023,IPEDS,.,.,.,.,.
164173,2022-2023,IPEDS,36940,2768,36940,2768,11759
164465,2024-2025,IPEDS,#REF!,630,#REF!,630,17560
164924,2024-2025,IPEDS,#REF!,1270,#REF!,1270,14641
164988,2024-2025,IPEDS,#REF!,1370,#REF!,1370,18110
165015,2024-2025,IPEDS,#REF!,598,#REF!,598,12648
166027,2024-2025,IPEDS,#REF!,4807,#REF!,4807,.
166629,2024-2025,IPEDS,#REF!,766,#REF!,766,15437
166683,2024-2025,IPEDS,#REF!,406,#REF!,406,.
167358,2024-2025,IPEDS,#REF!,1141,#REF!,1141,18790
167835,2024-2025,IPEDS,#REF!,308,#REF!,308,10418
168148,2024-2025,IPEDS,#REF!,1486,#REF!,1486,17660
168218,2024-2025,IPEDS,#REF!,320,#REF!,320,19920
168342,2024-2025,IPEDS,#REF!,320,#REF!,320,.
169248,2022-2023,IPEDS,13862,450,13862,450,8970
169798,2022-2023,IPEDS,15200,1060,15200,1060,11920
169910,2022-2023,IPEDS,14140,106,14140,106,8700
170082,2022-2023,IPEDS,14978,0,21154,0,8829
170976,2022-2023,IPEDS,17977,332,59775,332,13856
171100,2022-2023,IPEDS,16930,340,43700,340,11754
171128,2022-2023,IPEDS,19429,318,42771,318,12774
171137,2022-2023,IPEDS,14544,400,30960,400,10803
171456,2022-2023,IPEDS,12726,896,18348,896,10850
171571,2022-2023,IPEDS,16429,0,24737,0,8232
172644,2022-2023,IPEDS,13660,1804,31354,1804,12104
172699,2022-2023,IPEDS,15198,100,18998,100,11713
173124,2022-2023,IPEDS,8994,1120,8994,1120,10041
173328,2022-2023,IPEDS,25000,0,25000,0,10800
173920,2022-2023,IPEDS,8356,1134,17726,1134,11224
174020,2022-2023,IPEDS,8571,1209,8571,1209,15864
174066,2022-2023,IPEDS,14496,1992,34410,1992,13028
174233,2022-2023,IPEDS,12766,1552,18210,1552,10062
174358,2022-2023,IPEDS,8838,1498,8838,1498,10594
174783,2022-2023,IPEDS,8811,1306,8811,1306,9630
174817,2022-2023,IPEDS,42500,660,42500,660,10720
174914,2022-2023,IPEDS,50788,1496,50788,1496,15192
175078,2022-2023,IPEDS,8840,1464,8840,1464,10666
175272,2022-2023,IPEDS,8388,2110,15120,2110,9924
175342,2022-2023,IPEDS,7869,680,7869,680,10255
175421,2022-2023,IPEDS,28800,395,28800,395,6500
175430,2022-2023,IPEDS,19120,160,19120,160,9040
175616,2022-2023,IPEDS,8435,170,8435,170,8500
175856,2022-2023,IPEDS,8520,275,8520,1275,11782
176017,2022-2023,IPEDS,9252,160,26820,160,12400
176035,2022-2023,IPEDS,7992,100,7992,100,8400
176044,2022-2023,IPEDS,7892,20,7892,20,8956
176053,2022-2023,IPEDS,20246,1452,20246,1452,13037
176080,2022-2023,IPEDS,9665,150,26430,150,12516
176372,2022-2023,IPEDS,9508,110,11508,110,9868
176479,2022-2023,IPEDS,13500,1185,13500,1185,7599
176965,2022-2023,IPEDS,8325,1410,16650,1410,10206
177968,2022-2023,IPEDS,19900,1200,19900,1200,16200
178059,2022-2023,IPEDS,24766,2400,24766,2400,12000
178396,2022-2023,IPEDS,13008,1122,33216,1122,13550
178402,2022-2023,IPEDS,11190,1544,29190,1544,13058
178420,2022-2023,IPEDS,14400,0,35820,0,13576
178624,2022-2023,IPEDS,6442,3739,12884,3739,11154
179159,2022-2023,IPEDS,52260,984,52260,984,14570
179557,2022-2023,IPEDS,8151,1344,8151,1344,11486
179566,2022-2023,IPEDS,7812,1212,16716,1212,9724
179867,2022-2023,IPEDS,61750,1232,61750,1232,20778
179894,2022-2023,IPEDS,30530,200,30530,200,13200
180106,2022-2023,IPEDS,39152,1200,39152,1200,11624
180179,2022-2023,IPEDS,4805,1901,19305,2042,9800
180197,2022-2023,IPEDS,4768,1265,10098,1265,7850
180249,2022-2023,IPEDS,2947,957,11272,957,9408
180258,2022-2023,IPEDS,28618,400,28618,400,8000
180276,2022-2023,IPEDS,2792,1183,9394,1293,9319
180416,2022-2023,IPEDS,6113,1880,22706,1961,11530
180461,2022-2023,IPEDS,6056,2027,29047,2290,13446
180489,2022-2023,IPEDS,5736,2416,28800,2822,12192
180595,2022-2023,IPEDS,32282,970,32282,970,9574
180692,2022-2023,IPEDS,4845,1586,17375,1664,9104
180832,2022-2023,IPEDS,15168,0,15168,0,9260
180878,2022-2023,IPEDS,16973,1500,16973,1500,9891
180984,2022-2023,IPEDS,38500,830,38500,830,10350
181002,2022-2023,IPEDS,45000,2000,45000,2000,11830
181020,2022-2023,IPEDS,39336,1155,39336,1155,.
181127,2022-2023,IPEDS,33950,2180,33950,2180,10690
181215,2022-2023,IPEDS,6480,1790,14130,1790,11936
181297,2022-2023,IPEDS,16695,1301,16695,1301,14310
181330,2022-2023,IPEDS,39370,900,39370,900,7837
181394,2022-2023,IPEDS,6536,1834,20524,1834,11998
181446,2022-2023,IPEDS,40648,1064,40648,1064,12948
181464,2022-2023,IPEDS,8010,2098,25650,2098,13856
182005,2022-2023,IPEDS,3465,645,11564,645,10970
182281,2022-2023,IPEDS,8354,788,25307,792,12710
182290,2022-2023,IPEDS,7876,1118,24832,1118,13700
182306,2022-2023,IPEDS,3690,165,11333,180,6000
182500,2022-2023,IPEDS,2772,372,10871,372,16812
182564,2022-2023,IPEDS,3465,455,11564,455,14156
182634,2024-2025,IPEDS,#REF!,900,#REF!,900,16840
182670,2024-2025,IPEDS,#REF!,1827,#REF!,1827,.
182795,2024-2025,IPEDS,#REF!,4346,#REF!,4346,15912
182917,2024-2025,IPEDS,#REF!,600,#REF!,600,10900
182980,2024-2025,IPEDS,#REF!,1400,#REF!,1400,17006
183026,2024-2025,IPEDS,#REF!,1000,#REF!,1000,13326
183044,2024-2025,IPEDS,#REF!,3592,#REF!,3592,13314
183062,2024-2025,IPEDS,#REF!,2956,#REF!,2956,11974
183071,2024-2025,IPEDS,#REF!,670,#REF!,670,13000
183080,2024-2025,IPEDS,#REF!,2688,#REF!,2688,12104
183150,2024-2025,IPEDS,#REF!,750,#REF!,750,17686
183239,2024-2025,IPEDS,#REF!,1450,#REF!,1450,15360
184782,2022-2023,IPEDS,11250,4450,21114,4450,10288
185262,2022-2023,IPEDS,11135,2291,18785,2291,16108
185590,2022-2023,IPEDS,13710,1056,23070,1056,17748
185828,2022-2023,IPEDS,15616,3406,32528,3406,17200
186131,2022-2023,IPEDS,59710,0,59710,0,.
186380,2022-2023,IPEDS,13674,3565,32436,3565,18414
186399,2022-2023,IPEDS,13674,2912,32436,2912,18414
186584,2022-2023,IPEDS,48670,2700,48670,2700,17350
186867,2022-2023,IPEDS,58680,2272,58680,2272,18650
186876,2022-2023,IPEDS,12996,2536,20884,2536,9011
187134,2022-2023,IPEDS,14706,3979,20589,3979,15569
187444,2022-2023,IPEDS,14690,460,24004,460,11330
187532,2022-2023,IPEDS,1584,350,8016,350,8502
187620,2022-2023,IPEDS,2040,678,5682,678,12762
187648,2022-2023,IPEDS,4194,2544,6174,2544,7842
187745,2022-2023,IPEDS,5166,635,5166,635,13648
187912,2022-2023,IPEDS,2000,4990,8880,5162,.
187967,2022-2023,IPEDS,7664,1394,24918,1394,9614
187985,2022-2023,IPEDS,6803,1312,25139,1312,11884
188030,2022-2023,IPEDS,6283,1864,23407,1864,12762
188100,2022-2023,IPEDS,1344,446,4272,713,11720
188137,2022-2023,IPEDS,1830,675,4320,675,18540
188304,2022-2023,IPEDS,4914,2954,11400,2954,10940
190150,2022-2023,IPEDS,64526,3645,64526,3645,17058
190415,2022-2023,IPEDS,65204,810,65204,810,18554
190512,2022-2023,IPEDS,6930,534,14880,534,21788
190594,2022-2023,IPEDS,6930,452,14880,452,21788
193900,2022-2023,IPEDS,60438,0,60438,0,22786
195003,2022-2023,IPEDS,55784,880,55784,880,15516
195809,2022-2023,IPEDS,48301,1610,48301,1610,15308
196060,2022-2023,IPEDS,7070,3338,25660,3338,18444
196079,2022-2023,IPEDS,7070,3293,26160,3293,18294
196088,2022-2023,IPEDS,7070,3712,26860,3712,14674
196097,2022-2023,IPEDS,7070,3490,26860,3490,15976
196413,2022-2023,IPEDS,61310,1751,61310,1751,18444
197869,2022-2023,IPEDS,4242,3299,21238,3299,13378
198419,2022-2023,IPEDS,63450,2355,63450,2355,.
198464,2022-2023,IPEDS,4452,2909,20729,2909,11034
199102,2022-2023,IPEDS,3540,3208,17200,3208,11994
199120,2022-2023,IPEDS,7019,1970,37360,1970,13016
199139,2022-2023,IPEDS,3812,3402,18474,3402,13864
199148,2022-2023,IPEDS,4422,3171,20168,3171,13284
199157,2022-2023,IPEDS,3728,2814,16764,2814,13267
199193,2022-2023,IPEDS,6535,2360,29407,2360,13719
199218,2022-2023,IPEDS,4443,2874,20111,2874,12605
199847,2022-2023,IPEDS,63608,1150,63608,1150,17848
200004,2022-2023,IPEDS,1000,3532,5000,3532,12322
200022,2022-2023,IPEDS,4167,1028,6251,1028,8300
200059,2022-2023,IPEDS,7470,1648,9570,1648,7740
200156,2022-2023,IPEDS,24000,820,24000,820,8920
200192,2022-2023,IPEDS,4250,1228,4250,1228,9149
200217,2022-2023,IPEDS,19084,2384,19084,2384,13070
200253,2022-2023,IPEDS,7168,1465,7168,1465,8058
200280,2022-2023,IPEDS,9237,1714,13856,1714,11046
200305,2022-2023,IPEDS,4997,931,5995,931,7658
200314,2022-2023,IPEDS,4530,817,6796,817,8970
200332,2022-2023,IPEDS,9309,1548,13963,1548,9565
200484,2022-2023,IPEDS,16066,2696,16066,2696,8300
200572,2022-2023,IPEDS,6619,1895,11583,1895,7280
200800,2022-2023,IPEDS,10399,2400,14839,2400,10590
201441,2022-2023,IPEDS,11010,2380,18998,2380,11610
201645,2022-2023,IPEDS,64100,578,64100,578,10750
201885,2022-2023,IPEDS,11228,1678,26562,1678,17232
202134,2022-2023,IPEDS,12503,110,17863,110,14920
202480,2022-2023,IPEDS,47600,0,47600,0,15640
203517,2022-2023,IPEDS,11595,172,20708,172,11810
204024,2022-2023,IPEDS,14052,3008,35116,3008,16714
204796,2022-2023,IPEDS,11826,1033,37332,1033,13814
204857,2022-2023,IPEDS,13746,0,24114,0,12354
206084,2022-2023,IPEDS,9753,1989,19113,1989,8518
206695,2022-2023,IPEDS,9611,146,9971,146,10936
206941,2022-2023,IPEDS,7284,1238,18171,1238,12564
207041,2022-2023,IPEDS,6300,1732,15810,1732,10144
207263,2022-2023,IPEDS,6623,890,15743,890,11542
207306,2022-2023,IPEDS,5448,522,11142,522,5520
207324,2022-2023,IPEDS,24550,1350,24550,1350,8680
207388,2022-2023,IPEDS,5417,4693,20937,4693,12200
207458,2022-2023,IPEDS,29836,4650,29836,4650,9602
207500,2022-2023,IPEDS,5070,4525,22140,4525,13310
207582,2022-2023,IPEDS,32500,1600,32500,1600,13200
207847,2022-2023,IPEDS,6600,600,15810,600,8000
207865,2022-2023,IPEDS,6969,1326,6999,1326,6312
207971,2022-2023,IPEDS,46932,1170,46932,1170,11192
208646,2022-2023,IPEDS,8618,2091,22289,2091,10179
208822,2022-2023,IPEDS,40220,720,40220,720,13600
209056,2022-2023,IPEDS,61916,434,61916,434,15002
209506,2022-2023,IPEDS,10492,2195,33397,2195,14809
209542,2022-2023,IPEDS,11145,2349,33315,2349,15075
209551,2022-2023,IPEDS,12240,2511,38683,2511,12378
209612,2022-2023,IPEDS,53174,1292,53174,1292,10236
209807,2022-2023,IPEDS,8694,1923,26334,1923,13728
209825,2022-2023,IPEDS,54400,500,54400,500,14608
210146,2022-2023,IPEDS,9675,2418,28305,2418,15440
210401,2022-2023,IPEDS,48000,268,48000,268,15490
210429,2022-2023,IPEDS,9000,2025,28710,2025,11945
211440,2022-2023,IPEDS,62260,1014,62260,1014,15658
212054,2022-2023,IPEDS,58293,2370,58293,2370,17874
213020,2022-2023,IPEDS,7716,3664,11200,5097,12802
214777,2022-2023,IPEDS,19672,562,39626,562,13448
215062,2022-2023,IPEDS,58620,7484,58620,7484,18360
215293,2022-2023,IPEDS,20154,1370,38520,1370,13978
216339,2022-2023,IPEDS,21023,968,36280,968,16968
216597,2022-2023,IPEDS,63806,895,63806,895,16896
216764,2022-2023,IPEDS,7716,2970,19290,3221,17124
217156,2022-2023,IPEDS,65656,2574,65656,2574,.
217165,2022-2023,IPEDS,50272,897,50272,897,10000
217235,2022-2023,IPEDS,39792,200,39792,200,11200
217305,2022-2023,IPEDS,33225,2400,33225,2400,7606
217402,2022-2023,IPEDS,59830,1018,59830,1018,16540
217420,2022-2023,IPEDS,9481,1505,25014,1505,14688
217484,2022-2023,IPEDS,14116,2292,33512,2292,12286
217493,2022-2023,IPEDS,58690,1070,58690,1070,15850
217518,2022-2023,IPEDS,42336,330,42336,330,15280
217536,2022-2023,IPEDS,47180,750,47180,750,13170
217633,2022-2023,IPEDS,32710,870,32710,870,12290
217688,2022-2023,IPEDS,30380,650,30380,650,8930
217819,2022-2023,IPEDS,12518,460,36398,460,13779
217864,2022-2023,IPEDS,8356,4214,32400,4970,21522
217882,2022-2023,IPEDS,14038,1516,37982,1516,12872
218061,2022-2023,IPEDS,10394,776,20768,776,8898
218229,2022-2023,IPEDS,10700,1000,20300,1000,10700
218645,2022-2023,IPEDS,10398,362,20856,362,10691
218663,2022-2023,IPEDS,12288,400,34543,400,11239
218724,2022-2023,IPEDS,11460,180,29448,180,9900
218742,2022-2023,IPEDS,11208,375,22710,375,10800
218964,2022-2023,IPEDS,15306,650,29636,650,10332
219000,2022-2023,IPEDS,38150,1040,38150,1040,11460
219046,2022-2023,IPEDS,7616,1300,10718,1300,7528
219082,2022-2023,IPEDS,7616,2017,10718,2017,9776
219091,2022-2023,IPEDS,31700,1190,31700,1190,9000
219198,2022-2023,IPEDS,30250,2850,30250,2850,9300
219240,2022-2023,IPEDS,3600,0,3600,0,.
219259,2022-2023,IPEDS,7616,1229,10718,1229,10300
219347,2022-2023,IPEDS,7800,2600,12200,2600,11700
219356,2022-2023,IPEDS,7773,1526,11283,1526,10490
219383,2022-2023,IPEDS,20340,400,20340,400,10675
219426,2022-2023,IPEDS,3720,3930,3720,3930,8404
219471,2022-2023,IPEDS,7773,1659,11283,1659,10501
219602,2022-2023,IPEDS,7008,1667,12552,1667,13696
219709,2022-2023,IPEDS,39400,1920,39400,1920,19590
220075,2022-2023,IPEDS,7706,2000,11034,2000,11938
220631,2022-2023,IPEDS,25680,470,25680,470,8982
220862,2022-2023,IPEDS,8520,1824,12960,1824,12148
220978,2022-2023,IPEDS,7536,1970,27072,1970,11678
221740,2022-2023,IPEDS,8232,1912,16296,1912,10052
221759,2022-2023,IPEDS,11332,2152,29522,2452,12500
221768,2022-2023,IPEDS,8546,1648,14586,1648,10296
221838,2022-2023,IPEDS,7320,1248,21036,1248,17534
221847,2022-2023,IPEDS,8764,1320,18796,1320,11508
221999,2022-2023,IPEDS,61618,2328,61618,2328,.
225511,2022-2023,IPEDS,8685,1026,21165,1026,11022
227216,2022-2023,IPEDS,8319,2845,18399,2845,10680
227368,2022-2023,IPEDS,7637,1830,17707,1835,9780
227881,2022-2023,IPEDS,5856,3372,15648,3372,11720
228459,2022-2023,IPEDS,8606,2844,20366,2844,12480
228723,2022-2023,IPEDS,9003,3838,36428,3900,11780
228769,2022-2023,IPEDS,9206,2521,27138,2521,12138
228778,2022-2023,IPEDS,11678,0,42778,0,14840
228787,2022-2023,IPEDS,14564,0,40064,0,13730
228796,2022-2023,IPEDS,7704,1840,23472,2040,12452
229027,2022-2023,IPEDS,6239,3040,19177,3040,10449
229115,2022-2023,IPEDS,8935,2917,21534,2917,10460
230038,2022-2023,IPEDS,6496,0,6496,0,9720
230047,2022-2023,IPEDS,6438,0,6438,0,6440
230603,2022-2023,IPEDS,6006,764,19822,764,9200
230728,2022-2023,IPEDS,7387,918,23305,918,8890
230737,2022-2023,IPEDS,5614,656,17174,656,9234
230764,2022-2023,IPEDS,8175,1140,28697,1140,18200
230807,2022-2023,IPEDS,40896,520,40896,520,15107
230816,2022-2023,IPEDS,63802,842,63802,842,18640
230852,2022-2023,IPEDS,45100,450,45100,450,13720
230861,2022-2023,IPEDS,6720,200,13440,200,13324
230889,2022-2023,IPEDS,19268,300,19268,300,12000
230959,2022-2023,IPEDS,64800,480,64800,480,7700
230995,2022-2023,IPEDS,46860,2740,46860,2740,15800
231059,2022-2023,IPEDS,47640,2400,47640,2400,16495
231095,2022-2023,IPEDS,40560,200,40560,200,10950
231147,2022-2023,IPEDS,.,.,.,.,.
231165,2022-2023,IPEDS,9984,1416,19992,1416,13326
231174,2022-2023,IPEDS,16280,2610,41280,2610,15014
231624,2022-2023,IPEDS,18253,6788,42053,7359,14555
231651,2022-2023,IPEDS,18986,1700,18986,1700,11584
232186,2022-2023,IPEDS,10095,3720,34259,3720,15151
232423,2022-2023,IPEDS,7914,5662,25128,5662,12584
232557,2022-2023,IPEDS,15015,807,15015,807,10411
232937,2022-2023,IPEDS,5926,3984,17428,3984,11692
232982,2022-2023,IPEDS,7590,4672,27465,5197,14592
233277,2022-2023,IPEDS,8401,3885,20853,4332,11973
233921,2022-2023,IPEDS,12698,2780,33310,3384,12578
234030,2022-2023,IPEDS,12850,3383,34744,4073,14054
234076,2022-2023,IPEDS,18823,3500,55450,4183,13940
234155,2022-2023,IPEDS,5540,4215,17038,4968,15068
234827,2022-2023,IPEDS,7021,2171,24600,2171,9741
235097,2022-2023,IPEDS,7294,1059,24833,1059,14880
235316,2022-2023,IPEDS,52540,960,52540,960,18343
236230,2022-2023,IPEDS,49472,800,49472,800,12446
236577,2022-2023,IPEDS,37965,849,37965,849,15498
236595,2022-2023,IPEDS,53235,1050,53235,1050,14748
236939,2022-2023,IPEDS,10976,2021,27052,2021,13131
236948,2022-2023,IPEDS,11524,1119,40878,1119,17982
237011,2022-2023,IPEDS,7997,1289,26564,1289,14915
237066,2022-2023,IPEDS,49600,1320,49600,1320,16515
237215,2022-2023,IPEDS,9240,1000,16560,1000,11327
237312,2022-2023,IPEDS,21110,500,21110,500,11400
237330,2022-2023,IPEDS,9100,600,20000,600,12114
237367,2022-2023,IPEDS,6468,1986,16174,2198,11486
237525,2022-2023,IPEDS,7372,1570,18724,1570,11274
237792,2022-2023,IPEDS,6288,2354,15774,3308,11500
237899,2022-2023,IPEDS,8924,575,14544,675,11960
237932,2022-2023,IPEDS,8716,16,17100,16,7572
237950,2022-2023,IPEDS,8064,0,20160,0,9690
237969,2022-2023,IPEDS,32166,1328,32166,1328,4000
238032,2022-2023,IPEDS,9648,0,27360,0,9700
238078,2022-2023,IPEDS,29090,385,29090,385,5000
239105,2022-2023,IPEDS,47690,1010,47690,1010,11660
240189,2022-2023,IPEDS,6812,1438,16478,1438,8100
240268,2022-2023,IPEDS,7645,1632,16884,1632,9200
240277,2022-2023,IPEDS,6767,1575,15354,1575,8042
240329,2022-2023,IPEDS,7974,1677,17014,1677,7960
240365,2022-2023,IPEDS,6806,1406,14719,1406,8940
240417,2022-2023,IPEDS,7330,2812,15894,2812,8563
240444,2022-2023,IPEDS,9644,1561,39042,1561,13500
240453,2022-2023,IPEDS,8455,1565,20455,1565,10980
240462,2022-2023,IPEDS,6827,1488,15786,1488,9774
240471,2022-2023,IPEDS,6837,1769,15118,1769,9660
240480,2022-2023,IPEDS,7112,1722,16132,1722,8500
240505,2022-2023,IPEDS,3150,1260,9450,1260,11880
240514,2022-2023,IPEDS,3150,1530,9450,1530,12978
240596,2022-2023,IPEDS,3150,1140,9450,1140,7800
240620,2022-2023,IPEDS,3150,1463,9450,1463,7900
240657,2022-2023,IPEDS,3150,1785,9450,1785,13222
240666,2022-2023,IPEDS,3150,1680,9450,1680,12285
240693,2022-2023,IPEDS,3150,1100,9450,1100,11420
240727,2022-2023,IPEDS,4980,1958,20760,1958,9140
243780,2022-2023,IPEDS,9718,274,28520,274,12390
244437,2022-2023,IPEDS,2280,680,8632,680,14871
245652,2022-2023,IPEDS,37842,1104,37842,1104,13000
247649,2022-2023,IPEDS,64290,0,64290,0,14310
262165,2022-2023,IPEDS,12400,1200,12400,1200,8500
363934,2023-2024,institution_website,18462,850,18462,850,13591
377555,2022-2023,IPEDS,11524,1035,40878,1035,17115
377564,2022-2023,IPEDS,11524,1293,40878,1293,15948
383190,2022-2023,IPEDS,3144,60,8280,60,13720
414878,2022-2023,IPEDS,9576,0,9576,0,13560
421708,2024-2025,institution_website,30412,1280,88316,1280,11844
432524,2022-2023,IPEDS,28330,1950,28330,1950,14200
433387,2022-2023,IPEDS,7710,590,7710,590,8100
433660,2022-2023,IPEDS,4191,1927,22328,2834,10914
434584,2021-2022,MANUAL,4920,340,4920,340,13000
440396,2022-2023,IPEDS,15700,0,15700,0,4000
441900,2022-2023,IPEDS,5693,675,19774,675,10979
442523,2024-2025,MANUAL,8900,194,8900,194,12497
445692,2022-2023,IPEDS,25500,1875,25500,1875,9891
445735,2022-2023,IPEDS,40000,3667,40000,3667,.
447263,2022-2023,IPEDS,17609,586,17609,586,7756
447689,2022-2023,IPEDS,3214,1244,12000,1244,15320
450298,2022-2023,IPEDS,13725,195,13725,195,9438
454227,2022-2023,IPEDS,19341,1263,19341,1263,14540
455114,2022-2023,IPEDS,3400,936,7344,0,8149
459824,2022-2023,IPEDS,10080,270,10080,270,.
459994,2022-2023,IPEDS,13725,195,13725,195,9438
460349,2022-2023,IPEDS,13365,0,13365,0,11200
464226,2025-2026,institution_website,36250,3400,36250,3400,10000
476975,2022-2023,IPEDS,8400,0,8400,0,13048
479956,2022-2023,IPEDS,15204,0,15204,0,13448
480985,2022-2023,IPEDS,7760,496,7760,496,20109
482477,2022-2023,IPEDS,14392,640,14392,640,14536
482547,2022-2023,IPEDS,14392,640,14392,640,16716
482680,2022-2023,IPEDS,4230,981,14986,981,9610
483124,2024-2025,institution_website,10890,113,10890,113,.
486424,2022-2023,IPEDS,19080,325,19080,325,19500
486840,2022-2023,IPEDS,4450,1336,15704,1336,14915
486938,2022-2023,IPEDS,19572,840,19572,840,16724
487375,2022-2023,IPEDS,21146,1280,21146,1280,11844
487524,2022-2023,IPEDS,21204,990,21204,990,11000
490805,2022-2023,IPEDS,7259,789,14144,789,9070
495457,2023-2024,institution_website,23573,1280,23573,1280,11844
496803,2022-2023,IPEDS,5000,1500,5000,1500,16000
497268,2022-2023,IPEDS,21306,1280,21306,1280,11844
498562,2022-2023,IPEDS,7716,3330,19290,3580,10616
498571,2022-2023,IPEDS,7716,3672,11574,4432,10770
102711,2024-2025,MANUAL,14674,,14674,,
103501,2024-2025,MANUAL,16245,,16245,,
103529,2024-2025,MANUAL,6500,1584,22000,1584,13980